﻿<?xml version="1.0" encoding="utf-8"?>
<functions>
	<function name="Drive">
		<subFunction name="Wheels">
			<layer1Item name="abc" img="eb2k5j5q.jcn.PNG">
				<layer2Item name="" img="5p4cfkdi.jch.PNG" />
			</layer1Item>
			<layer1Item name="" img="mvkzurzx.4rt.PNG">
				<layer2Item name="" img="iqpj2tl0.kdy.png" />
				<layer2Item name="" img="e0hmdnx2.5vp.png" />
			</layer1Item>
			<layer1Item name="" img="ru0qaq3o.5ol.png">
				<layer2Item name="" img="jqlqjvbn.cqb.png" />
				<layer2Item name="" img="5eugowm0.crq.png" />
				<layer2Item name="" img="r2unajkw.nrx.png" />
				<layer2Item name="" img="axoclpzf.anf.png" />
				<layer2Item name="" img="ax43hjb1.k25.png" />
			</layer1Item>
			<layer1Item name="" img="z1tw5tog.fyx.png">
				<layer2Item name="" img="54cozv0a.ab4.PNG" />
			</layer1Item>
		</subFunction>
		<subFunction name="Number of Wheels" />
		<subFunction name="Shape" />
		<subFunction name="Transmission" />
		<subFunction name="Communication" />
		<subFunction name="Steering" />
	</function>
	<function name="Climb">
		<subFunction name="Grab" />
		<subFunction name="Hold on" />
		<subFunction name="Lift" />
	</function>
	<function name="Shoot">
		<subFunction name="Propelling" />
		<subFunction name="Flipping" />
		<subFunction name="Picking up" />
		<subFunction name="Transport to shooter" />
		<subFunction name="Manual loading" />
	</function>
	<function name="Aim">
		<subFunction name="Vertical aim" />
		<subFunction name="Horizontal aim" />
		<subFunction name="Detect goal" />
	</function>
	<function name="ABC">
		<subFunction name="xyz" />
		<subFunction name="123" />
	</function>
</functions>